{
    "1": "{\n    \"position\": {\n        \"x\": -2.040916454735815,\n        \"y\": -0.2754931404655846,\n        \"z\": 0.0\n    },\n    \"orientation\": {\n        \"x\": 0.0,\n        \"y\": 0.0,\n        \"z\": -0.013220800698224327,\n        \"w\": 0.9999126013951909\n    }\n}",
    "2": "{\n    \"position\": {\n        \"x\": -1.6931621768185876,\n        \"y\": 1.2683555292944504,\n        \"z\": 0.0\n    },\n    \"orientation\": {\n        \"x\": 0.0,\n        \"y\": 0.0,\n        \"z\": 0.0603633489681062,\n        \"w\": 0.9981764704206139\n    }\n}",
    "3": "{\n    \"position\": {\n        \"x\": -1.5326005550684132,\n        \"y\": 0.9950929868906014,\n        \"z\": 0.0\n    },\n    \"orientation\": {\n        \"x\": 0.0,\n        \"y\": 0.0,\n        \"z\": -0.47962763079568915,\n        \"w\": 0.8774721282054001\n    }\n}",
    "5": "{\n    \"position\": {\n        \"x\": -2.0279603062485188,\n        \"y\": 0.5854295595355358,\n        \"z\": 0.0\n    },\n    \"orientation\": {\n        \"x\": 0.0,\n        \"y\": 0.0,\n        \"z\": 0.44843961714706965,\n        \"w\": 0.8938131291120027\n    }\n}",
    "6": "{\n    \"position\": {\n        \"x\": -0.3992006657968162,\n        \"y\": 2.215708922849122,\n        \"z\": 0.0\n    },\n    \"orientation\": {\n        \"x\": 0.0,\n        \"y\": 0.0,\n        \"z\": 0.016041178555729636,\n        \"w\": 0.9998713320175467\n    }\n}",
    "7": "{\n    \"position\": {\n        \"x\": -0.35391746994156814,\n        \"y\": 1.736436708403918,\n        \"z\": 0.0\n    },\n    \"orientation\": {\n        \"x\": 0.0,\n        \"y\": 0.0,\n        \"z\": -0.7578930784359983,\n        \"w\": 0.6523787869472809\n    }\n}",
       "4": "{\n    \"position\": {\n        \"x\": -1.5760053782873034,\n        \"y\": 0.23469407143242427,\n        \"z\": 0.0\n    },\n    \"orientation\": {\n        \"x\": 0.0,\n        \"y\": 0.0,\n        \"z\": -0.9992657387995642,\n        \"w\": 0.03831426968325429\n    }\n}"
}
